,id,ts,route,fares,dumps,bills,tokens,tickets,passes,riders,key6
0,22607,2015-09-29T00:00:00.000,3,2,0,2,0,8,0,11,0
1,22608,2015-09-30T00:00:00.000,1,50,6,33,0,15,0,313,29
2,22609,2015-09-30T00:00:00.000,8,15,1,10,0,6,0,112,5
3,22610,2015-09-30T00:00:00.000,3,82,7,73,0,24,0,404,23
4,22611,2015-09-30T00:00:00.000,7,7,0,5,0,0,0,211,0
5,22612,2015-09-30T00:00:00.000,9,2,0,2,0,0,0,290,0
6,22613,2015-09-30T00:00:00.000,7,10,1,8,0,8,0,345,0
7,22614,2015-09-30T00:00:00.000,9,5,0,4,0,0,0,723,0
8,22615,2015-09-30T00:00:00.000,2,66,8,55,0,12,0,453,29
9,22616,2015-09-30T00:00:00.000,9,6,0,5,0,0,0,480,0
10,22617,2015-09-30T00:00:00.000,6,6,0,6,0,1,0,967,0
11,22618,2015-09-30T00:00:00.000,7,4,1,3,0,2,0,232,1
12,22618,2015-09-30T00:00:00.000,9,0,0,0,0,0,0,35,0
13,22619,2015-09-30T00:00:00.000,6,1,0,1,0,0,0,97,0
14,22620,2015-09-30T00:00:00.000,3,66,7,47,0,14,0,391,4
15,22621,2015-09-30T00:00:00.000,6,8,0,8,0,0,0,1293,0
16,22622,2015-09-30T00:00:00.000,6,0,0,0,0,0,0,255,0
17,22623,2015-09-30T00:00:00.000,9,11,0,10,0,0,0,1053,0
18,22624,2015-09-30T00:00:00.000,6,9,0,8,0,0,0,1391,0
19,22625,2015-09-30T00:00:00.000,5,16,0,14,0,2,0,437,3
20,22626,2015-09-30T00:00:00.000,9,12,0,10,0,0,0,1277,0
21,22627,2015-09-30T00:00:00.000,9,12,2,10,0,0,0,1061,0
22,22628,2015-09-30T00:00:00.000,1,29,1,27,0,13,0,214,24
23,22629,2015-09-30T00:00:00.000,1,60,7,53,0,25,0,397,37
24,22629,2015-10-01T00:00:00.000,1,0,0,0,0,0,0,0,0
25,22630,2015-09-30T00:00:00.000,4,50,4,38,0,8,0,359,25
26,22630,2015-10-01T00:00:00.000,4,0,0,0,0,0,0,0,0
27,22631,2015-09-30T00:00:00.000,3,70,4,60,0,14,0,492,49
28,22631,2015-10-01T00:00:00.000,3,0,0,0,0,0,0,0,0
29,22632,2015-09-30T00:00:00.000,3,84,12,71,0,18,0,525,58
30,22633,2015-09-30T00:00:00.000,6,22,1,20,0,3,0,1236,4
31,22633,2015-10-01T00:00:00.000,6,0,0,0,0,0,0,0,0
32,22634,2015-09-30T00:00:00.000,4,65,8,45,0,8,0,391,8
33,22634,2015-10-01T00:00:00.000,4,0,0,0,0,0,0,0,0
34,22635,2015-09-30T00:00:00.000,6,17,2,14,0,0,0,954,2
35,22636,2015-09-30T00:00:00.000,6,12,0,11,0,4,0,1210,3
36,22637,2015-09-30T00:00:00.000,2,100,10,75,0,21,0,411,42
37,22637,2015-10-01T00:00:00.000,2,0,0,0,0,0,0,0,0
38,22638,2015-09-30T00:00:00.000,9,11,1,10,0,0,0,1088,0
39,22639,2015-10-01T00:00:00.000,9,4,0,4,0,0,0,650,0
40,22640,2015-10-01T00:00:00.000,6,0,0,0,0,0,0,215,0
41,22641,2015-10-01T00:00:00.000,2,76,13,65,0,33,0,393,43
42,22642,2015-10-01T00:00:00.000,7,26,2,23,0,3,0,342,0
43,22643,2015-10-01T00:00:00.000,1,29,5,23,0,17,0,130,11
44,22644,2015-10-01T00:00:00.000,8,15,4,12,0,3,0,97,12
45,22645,2015-10-01T00:00:00.000,3,71,5,56,0,23,0,433,35
46,22646,2015-10-01T00:00:00.000,6,19,0,19,0,0,0,869,1
47,22647,2015-10-01T00:00:00.000,9,4,0,4,0,0,0,884,0
48,22648,2015-10-01T00:00:00.000,7,19,2,14,0,4,0,449,2
49,22649,2015-10-01T00:00:00.000,6,15,1,11,0,12,0,1026,2
50,22650,2015-10-01T00:00:00.000,6,8,0,8,0,0,0,1407,0
51,22651,2015-10-01T00:00:00.000,9,12,2,9,0,2,0,1289,13
52,22652,2015-10-01T00:00:00.000,6,10,0,7,0,1,0,1400,0
53,22653,2015-10-01T00:00:00.000,9,9,0,9,0,0,0,1116,1
54,22654,2015-10-01T00:00:00.000,6,10,2,8,0,1,0,897,2
55,22655,2015-10-01T00:00:00.000,3,81,9,66,0,51,0,440,31
56,22656,2015-10-01T00:00:00.000,5,24,0,20,0,2,0,446,3
57,22657,2015-10-01T00:00:00.000,2,131,13,106,0,48,0,502,73
58,22657,2015-10-02T00:00:00.000,2,0,0,0,0,0,0,0,0
59,22658,2015-10-01T00:00:00.000,6,14,0,13,0,2,0,1039,1
60,22658,2015-10-02T00:00:00.000,6,0,0,0,0,0,0,0,0
61,22659,2015-10-01T00:00:00.000,1,69,16,58,0,22,0,387,47
62,22660,2015-10-01T00:00:00.000,3,97,2,83,0,20,0,474,49
63,22661,2015-10-01T00:00:00.000,4,66,0,51,0,2,0,356,12
64,22661,2015-10-02T00:00:00.000,4,0,0,0,0,0,0,0,0
65,22662,2015-10-01T00:00:00.000,1,59,9,43,0,32,0,373,34
66,22662,2015-10-02T00:00:00.000,1,0,0,0,0,0,0,0,0
67,22663,2015-10-01T00:00:00.000,9,17,0,14,0,1,0,1026,0
68,22663,2015-10-02T00:00:00.000,9,0,0,0,0,0,0,0,0
69,22664,2015-10-01T00:00:00.000,4,64,3,49,0,9,0,395,24
70,22664,2015-10-02T00:00:00.000,4,0,0,0,0,0,0,0,0
71,22665,2015-10-01T00:00:00.000,3,91,10,74,0,30,0,522,35
72,22665,2015-10-02T00:00:00.000,3,0,0,0,0,0,0,0,0
73,22666,2015-10-01T00:00:00.000,9,5,0,5,0,0,0,781,0
74,22667,2015-10-01T00:00:00.000,6,0,0,0,0,0,0,273,0
75,22668,2015-09-29T00:00:00.000,7,3,2,1,0,0,0,176,0
76,22668,2015-09-30T00:00:00.000,7,0,0,0,0,0,0,0,0
77,22669,2015-10-02T00:00:00.000,6,5,0,3,0,0,0,504,0
78,22670,2015-10-02T00:00:00.000,9,4,1,4,0,0,0,291,0
79,22671,2015-10-02T00:00:00.000,9,0,0,0,0,0,0,27,0
80,22672,2015-10-02T00:00:00.000,6,10,0,10,0,0,0,696,0
81,22673,2015-10-02T00:00:00.000,9,8,0,8,0,0,0,589,1
82,22674,2015-10-02T00:00:00.000,6,10,0,9,0,1,0,749,2
83,22675,2015-10-02T00:00:00.000,1,24,0,24,0,13,0,137,7
84,22676,2015-10-02T00:00:00.000,9,13,0,13,0,0,0,806,0
85,22677,2015-10-02T00:00:00.000,2,67,14,51,0,27,0,377,33
86,22678,2015-10-02T00:00:00.000,9,9,0,8,0,1,0,619,0
87,22679,2015-10-02T00:00:00.000,8,25,1,20,0,1,0,147,13
88,22680,2015-10-02T00:00:00.000,7,14,0,14,0,5,0,248,0
89,22681,2015-10-02T00:00:00.000,3,78,4,69,0,19,0,379,32
90,22682,2015-10-02T00:00:00.000,7,19,2,11,0,3,0,288,2
91,22683,2015-10-02T00:00:00.000,9,8,0,6,0,1,0,1154,0
92,22684,2015-10-02T00:00:00.000,3,51,10,41,0,88,0,438,25
93,22685,2015-10-02T00:00:00.000,5,13,1,8,0,2,0,372,5
94,22686,2015-10-02T00:00:00.000,4,62,1,50,0,6,0,343,10
95,22687,2015-10-02T00:00:00.000,1,63,8,53,0,32,0,378,44
96,22688,2015-10-02T00:00:00.000,3,94,10,78,0,23,0,535,55
97,22688,2015-10-03T00:00:00.000,3,0,0,0,0,0,0,0,0
98,22689,2015-10-02T00:00:00.000,2,118,9,97,0,29,0,493,55
99,22689,2015-10-03T00:00:00.000,2,0,0,0,0,0,0,0,0
100,22690,2015-10-02T00:00:00.000,4,65,0,48,0,4,0,359,21
101,22691,2015-10-02T00:00:00.000,3,85,12,73,0,31,0,559,61
102,22691,2015-10-03T00:00:00.000,3,0,0,0,0,0,0,0,0
103,22692,2015-10-02T00:00:00.000,1,58,8,45,0,15,0,334,29
104,22692,2015-10-03T00:00:00.000,1,0,0,0,0,0,0,0,0
105,22693,2015-10-02T00:00:00.000,6,22,1,18,0,8,0,1107,1
106,22693,2015-10-03T00:00:00.000,6,4,0,4,0,0,0,84,0
107,22694,2015-10-02T00:00:00.000,6,3,0,2,0,0,0,454,0
108,22695,2015-10-02T00:00:00.000,9,25,1,21,0,0,0,1658,4
109,22695,2015-10-03T00:00:00.000,9,0,0,0,0,0,0,48,0
110,22696,2015-10-03T00:00:00.000,3,51,5,46,0,10,0,346,31
111,22697,2015-10-03T00:00:00.000,5,7,1,6,0,0,0,66,3
112,22698,2015-10-03T00:00:00.000,2,2,0,2,0,1,0,10,0
113,22699,2015-10-03T00:00:00.000,4,38,4,27,0,1,0,157,12
114,22700,2015-10-03T00:00:00.000,1,0,0,0,0,0,0,0,0
115,22701,2015-10-03T00:00:00.000,2,63,8,51,0,15,0,286,26
116,22702,2015-10-03T00:00:00.000,1,42,0,34,0,12,0,308,27
117,22703,2015-10-03T00:00:00.000,9,21,1,19,0,0,0,436,0
118,22704,2015-10-03T00:00:00.000,1,45,0,38,0,10,0,196,16
119,22704,2015-10-03T00:00:00.000,9,0,0,0,0,0,0,3,0
120,22705,2015-10-03T00:00:00.000,3,57,10,46,0,27,0,397,41
121,22706,2015-10-03T00:00:00.000,8,17,5,15,0,4,0,132,8
122,22707,2015-10-03T00:00:00.000,3,50,1,42,0,11,0,331,10
123,22708,2015-10-03T00:00:00.000,4,22,3,15,0,7,0,130,6
124,22709,2015-10-03T00:00:00.000,9,36,0,34,0,6,0,1248,2
125,22709,2015-10-04T00:00:00.000,9,1,0,1,0,0,0,75,0
126,22710,2015-10-02T00:00:00.000,6,7,0,7,0,2,0,964,1
127,22710,2015-10-03T00:00:00.000,6,20,1,12,0,2,0,750,1
128,22710,2015-10-04T00:00:00.000,6,0,0,0,0,0,0,42,0
129,22711,2015-10-04T00:00:00.000,9,28,0,24,0,10,0,1065,0
130,22712,2015-10-04T00:00:00.000,9,11,1,10,0,3,0,428,0
131,22713,2015-10-04T00:00:00.000,6,15,0,15,0,0,0,563,0
132,22714,2015-10-05T00:00:00.000,9,9,1,9,0,0,0,859,1
133,22715,2015-10-05T00:00:00.000,2,57,17,37,0,18,0,334,30
134,22716,2015-10-05T00:00:00.000,8,18,8,13,0,7,0,104,4
135,22717,2015-10-05T00:00:00.000,3,63,3,51,0,8,0,361,30
136,22718,2015-10-05T00:00:00.000,6,24,0,24,0,1,0,935,0
137,22719,2015-10-05T00:00:00.000,7,10,0,8,0,3,0,368,1
138,22720,2015-10-05T00:00:00.000,6,10,1,8,0,1,0,917,2
139,22721,2015-10-05T00:00:00.000,9,8,1,7,0,0,0,763,0
140,22722,2015-10-05T00:00:00.000,6,0,0,0,0,0,0,85,0
141,22723,2015-10-05T00:00:00.000,6,10,1,8,0,0,0,1229,0
142,22724,2015-10-05T00:00:00.000,9,14,0,14,0,0,0,1340,0
143,22725,2015-10-05T00:00:00.000,9,0,0,0,0,0,0,59,0
144,22726,2015-10-05T00:00:00.000,3,39,6,25,0,37,0,312,22
145,22727,2015-10-05T00:00:00.000,9,17,0,14,0,0,0,1060,0
146,22728,2015-10-05T00:00:00.000,6,10,0,9,0,1,0,1313,0
147,22729,2015-10-05T00:00:00.000,9,7,0,7,0,0,0,1129,6
148,22730,2015-10-05T00:00:00.000,7,27,1,19,0,2,0,412,0
149,22731,2015-10-05T00:00:00.000,5,15,1,9,0,3,0,411,0
150,22732,2015-10-05T00:00:00.000,6,16,0,15,0,0,0,1347,0
151,22733,2015-10-05T00:00:00.000,1,71,10,60,0,18,0,351,34
152,22734,2015-10-05T00:00:00.000,6,20,0,20,0,2,0,1143,5
153,22734,2015-10-06T00:00:00.000,6,0,0,0,0,0,0,0,0
154,22735,2015-10-05T00:00:00.000,3,95,13,80,0,17,0,611,54
155,22735,2015-10-06T00:00:00.000,3,0,0,0,0,0,0,0,0
156,22736,2015-10-05T00:00:00.000,4,49,1,39,0,6,0,365,22
157,22736,2015-10-06T00:00:00.000,4,0,0,0,0,0,0,3,0
158,22737,2015-10-05T00:00:00.000,3,95,7,76,0,11,0,486,42
159,22737,2015-10-06T00:00:00.000,3,0,0,0,0,0,0,0,0
160,22738,2015-10-05T00:00:00.000,4,51,7,38,0,4,0,367,23
161,22738,2015-10-06T00:00:00.000,4,0,0,0,0,0,0,0,0
162,22739,2015-10-05T00:00:00.000,1,63,8,46,0,21,0,378,22
163,22739,2015-10-06T00:00:00.000,1,0,0,0,0,0,0,0,0
164,22740,2015-10-05T00:00:00.000,2,86,18,64,0,19,0,500,53
165,22740,2015-10-06T00:00:00.000,2,0,0,0,0,0,0,0,0
166,22741,2015-10-05T00:00:00.000,9,14,0,12,0,0,0,852,0
167,22742,2015-10-05T00:00:00.000,1,38,10,33,0,17,0,251,20
168,22743,2015-10-05T00:00:00.000,6,1,0,1,0,0,0,157,0
169,22745,2015-10-06T00:00:00.000,1,20,8,15,0,9,0,119,15
170,22746,2015-10-06T00:00:00.000,6,13,0,12,0,1,0,940,1
171,22747,2015-10-06T00:00:00.000,7,12,3,8,0,3,0,342,2
172,22748,2015-10-06T00:00:00.000,9,6,0,6,0,0,0,852,1
173,22749,2015-10-06T00:00:00.000,3,13,1,12,0,4,0,57,5
174,22750,2015-10-06T00:00:00.000,6,1,0,1,0,0,0,170,0
175,22751,2015-10-06T00:00:00.000,8,21,14,17,0,11,0,124,2
176,22752,2015-10-06T00:00:00.000,9,1,0,1,0,0,0,131,0
177,22753,2015-10-06T00:00:00.000,3,64,4,57,0,14,0,313,18
178,22754,2015-10-06T00:00:00.000,6,9,0,9,0,1,0,797,0
179,22755,2015-10-06T00:00:00.000,7,12,1,9,0,3,0,432,1
180,22756,2015-10-06T00:00:00.000,6,1,0,1,0,0,0,248,0
181,22757,2015-10-06T00:00:00.000,9,7,1,6,0,0,0,1214,0
182,22758,2015-10-06T00:00:00.000,6,16,3,14,0,1,0,1431,0
183,22759,2015-10-06T00:00:00.000,6,17,0,15,0,2,0,1170,2
184,22760,2015-10-06T00:00:00.000,6,7,1,4,0,1,0,1281,0
185,22761,2015-10-06T00:00:00.000,5,13,1,11,0,3,0,363,4
186,22762,2015-10-06T00:00:00.000,9,4,0,3,0,1,0,1027,0
187,22763,2015-10-06T00:00:00.000,9,9,0,8,0,1,0,990,0
188,22764,2015-10-06T00:00:00.000,9,11,0,9,0,0,0,1064,0
189,22765,2015-10-06T00:00:00.000,3,87,2,73,0,19,0,481,39
190,22766,2015-10-06T00:00:00.000,1,58,9,50,0,15,0,353,33
191,22766,2015-10-07T00:00:00.000,1,0,0,0,0,0,0,0,0
192,22767,2015-10-06T00:00:00.000,3,87,7,59,0,26,0,545,59
193,22767,2015-10-07T00:00:00.000,3,0,0,0,0,0,0,0,0
194,22768,2015-10-06T00:00:00.000,4,56,4,40,0,11,0,357,18
195,22768,2015-10-07T00:00:00.000,4,0,0,0,0,0,0,0,0
196,22769,2015-10-06T00:00:00.000,4,62,1,44,0,9,0,389,12
197,22769,2015-10-07T00:00:00.000,4,0,0,0,0,0,0,0,0
198,22770,2015-10-06T00:00:00.000,6,16,1,12,0,4,0,936,0
199,22770,2015-10-07T00:00:00.000,6,0,0,0,0,0,0,0,0
200,22771,2015-10-06T00:00:00.000,2,88,13,70,0,26,0,545,60
201,22772,2015-10-06T00:00:00.000,1,53,5,39,0,21,0,349,29
202,22773,2015-10-06T00:00:00.000,3,36,9,22,0,60,0,418,20
203,22774,2015-10-06T00:00:00.000,2,59,8,53,0,18,0,369,23
204,22775,2015-10-06T00:00:00.000,9,8,0,7,0,0,0,677,3
205,22776,2015-10-07T00:00:00.000,6,2,0,0,0,0,0,202,0
206,22777,2015-10-07T00:00:00.000,9,7,0,7,0,1,0,743,1
207,22778,2015-10-07T00:00:00.000,9,0,0,0,0,0,0,148,2
208,22779,2015-10-07T00:00:00.000,8,23,7,20,0,2,0,105,6
209,22780,2015-10-07T00:00:00.000,3,80,4,61,0,25,0,371,24
210,22781,2015-10-07T00:00:00.000,7,20,1,14,0,8,0,345,0
211,22782,2015-10-07T00:00:00.000,6,12,0,10,0,0,0,807,1
212,22783,2015-10-07T00:00:00.000,6,13,0,13,0,1,0,1002,0
213,22784,2015-10-07T00:00:00.000,9,7,0,6,0,0,0,899,0
214,22785,2015-10-07T00:00:00.000,1,20,4,18,0,7,0,110,17
215,22786,2015-10-07T00:00:00.000,9,6,0,5,0,0,0,1001,7
216,22787,2015-10-07T00:00:00.000,6,15,3,14,0,2,0,979,3
217,22788,2015-10-07T00:00:00.000,6,2,0,2,0,0,0,239,0
218,22789,2015-10-07T00:00:00.000,6,13,0,12,0,0,0,1417,0
219,22790,2015-10-07T00:00:00.000,9,14,0,13,0,0,0,1000,0
220,22791,2015-10-07T00:00:00.000,3,51,14,42,0,76,0,383,18
221,22792,2015-10-07T00:00:00.000,7,19,1,14,0,3,0,345,1
222,22793,2015-10-07T00:00:00.000,9,3,0,2,0,0,0,1128,0
223,22794,2015-10-07T00:00:00.000,6,9,1,7,0,0,0,1489,0
224,22795,2015-10-07T00:00:00.000,5,19,0,17,0,0,0,424,6
225,22796,2015-10-07T00:00:00.000,3,80,10,70,0,10,0,368,31
226,22797,2015-10-07T00:00:00.000,9,15,0,13,0,11,0,1072,4
227,22798,2015-10-07T00:00:00.000,2,90,2,76,0,24,0,461,37
228,22799,2015-10-07T00:00:00.000,4,40,5,30,0,4,0,327,16
229,22799,2015-10-08T00:00:00.000,4,0,0,0,0,0,0,0,0
230,22800,2015-10-07T00:00:00.000,6,24,0,21,0,2,0,1108,3
231,22800,2015-10-08T00:00:00.000,6,0,0,0,0,0,0,0,0
232,22801,2015-10-07T00:00:00.000,2,64,6,52,0,15,0,352,29
233,22801,2015-10-07T00:00:00.000,3,19,0,14,0,4,0,99,4
234,22802,2015-10-07T00:00:00.000,3,73,10,61,0,26,0,568,52
235,22802,2015-10-08T00:00:00.000,3,0,0,0,0,0,0,0,0
236,22803,2015-10-07T00:00:00.000,1,43,5,38,0,20,0,331,38
237,22803,2015-10-08T00:00:00.000,1,0,0,0,0,0,0,0,0
238,22804,2015-10-07T00:00:00.000,4,46,5,34,0,7,0,359,19
239,22804,2015-10-08T00:00:00.000,4,0,0,0,0,0,0,0,0
240,22805,2015-10-07T00:00:00.000,1,58,10,45,0,17,0,326,32
241,22806,2015-10-08T00:00:00.000,6,10,0,6,0,1,0,752,0
242,22807,2015-10-08T00:00:00.000,6,0,0,0,0,0,0,121,0
243,22808,2015-10-08T00:00:00.000,9,11,0,9,0,0,0,801,0
244,22809,2015-10-08T00:00:00.000,6,16,0,16,0,2,0,885,0
245,22810,2015-10-08T00:00:00.000,1,26,3,17,0,9,0,131,12
246,22811,2015-10-08T00:00:00.000,3,78,2,64,0,16,0,396,25
247,22812,2015-10-08T00:00:00.000,2,75,15,64,0,26,0,377,30
248,22813,2015-10-08T00:00:00.000,9,4,1,4,0,0,0,630,23
249,22814,2015-10-08T00:00:00.000,1,48,7,35,0,18,0,334,34
250,22815,2015-10-08T00:00:00.000,8,16,4,13,0,5,0,102,4
251,22816,2015-10-08T00:00:00.000,3,64,10,42,0,65,0,493,45
252,22817,2015-10-08T00:00:00.000,9,15,0,14,0,1,0,1161,1
253,22818,2015-10-08T00:00:00.000,6,9,0,7,0,0,0,1331,2
254,22819,2015-10-08T00:00:00.000,6,1,0,1,0,1,0,1285,0
255,22820,2015-10-08T00:00:00.000,9,12,0,12,0,0,0,1029,1
256,22821,2015-10-08T00:00:00.000,6,24,2,21,0,0,0,957,0
257,22822,2015-10-08T00:00:00.000,6,8,1,7,0,0,0,436,3
258,22823,2015-10-08T00:00:00.000,7,17,0,11,0,5,0,406,2
259,22824,2015-10-08T00:00:00.000,5,20,2,15,0,6,0,442,2
260,22825,2015-10-08T00:00:00.000,9,23,1,21,0,0,0,1093,2
261,22826,2015-10-08T00:00:00.000,4,45,3,36,0,8,0,352,13
262,22826,2015-10-09T00:00:00.000,4,0,0,0,0,0,0,0,0
263,22827,2015-10-08T00:00:00.000,6,6,0,6,0,0,0,635,1
264,22827,2015-10-09T00:00:00.000,6,0,0,0,0,0,0,0,0
265,22828,2015-10-08T00:00:00.000,4,47,4,35,0,3,0,381,19
266,22828,2015-10-09T00:00:00.000,4,0,0,0,0,0,0,0,0
267,22829,2015-10-08T00:00:00.000,3,71,8,63,0,15,0,474,57
268,22830,2015-10-08T00:00:00.000,3,76,7,59,0,17,0,460,31
269,22831,2015-10-08T00:00:00.000,1,58,4,44,0,18,0,351,27
270,22832,2015-10-08T00:00:00.000,2,110,6,89,0,16,0,475,48
271,22832,2015-10-09T00:00:00.000,2,0,0,0,0,0,0,0,0
272,22833,2015-10-08T00:00:00.000,6,0,0,0,0,0,0,22,0
273,22833,2015-10-08T00:00:00.000,9,0,0,0,0,0,0,46,0
274,22834,2015-10-08T00:00:00.000,7,21,2,16,0,5,0,304,7
275,22835,2015-10-08T00:00:00.000,9,8,0,7,0,1,0,743,0
276,22836,2015-10-09T00:00:00.000,1,23,9,16,0,16,0,141,8
277,22837,2015-10-09T00:00:00.000,2,72,9,57,0,13,0,371,29
278,22838,2015-10-09T00:00:00.000,8,23,2,21,0,0,0,131,8
279,22839,2015-10-09T00:00:00.000,3,75,2,60,0,18,0,388,24
280,22840,2015-10-09T00:00:00.000,9,8,0,8,0,0,0,283,0
281,22841,2015-10-09T00:00:00.000,3,53,2,36,0,58,0,469,23
282,22842,2015-10-09T00:00:00.000,1,75,7,57,0,56,0,401,32
283,22842,2015-10-10T00:00:00.000,1,0,0,0,0,0,0,0,0
284,22843,2015-10-09T00:00:00.000,3,82,7,67,0,15,0,462,49
285,22843,2015-10-10T00:00:00.000,3,0,0,0,0,0,0,0,0
286,22844,2015-10-09T00:00:00.000,2,110,7,80,0,23,0,474,40
287,22844,2015-10-10T00:00:00.000,2,0,0,0,0,0,0,0,0
288,22845,2015-10-09T00:00:00.000,1,75,11,59,0,14,0,328,31
289,22845,2015-10-10T00:00:00.000,1,0,0,0,0,0,0,0,0
290,22846,2015-10-09T00:00:00.000,4,58,11,37,0,4,0,266,14
291,22847,2015-10-09T00:00:00.000,3,71,15,62,0,27,0,517,63
292,22847,2015-10-10T00:00:00.000,3,0,0,0,0,0,0,0,0
293,22848,2015-10-09T00:00:00.000,4,46,1,32,0,2,0,259,12
294,22848,2015-10-10T00:00:00.000,4,0,0,0,0,0,0,0,0
295,22849,2015-10-09T00:00:00.000,5,10,1,7,0,1,0,219,3
296,22850,2015-10-09T00:00:00.000,9,48,1,42,0,2,0,1418,0
297,22850,2015-10-10T00:00:00.000,9,0,0,0,0,0,0,29,0
298,22851,2015-10-09T00:00:00.000,6,22,0,18,0,1,0,867,1
299,22851,2015-10-10T00:00:00.000,6,4,0,4,0,0,0,37,0
300,22852,2015-10-10T00:00:00.000,3,64,10,50,0,8,0,307,32
301,22853,2015-10-10T00:00:00.000,8,22,8,18,0,2,0,104,4
302,22854,2015-10-10T00:00:00.000,1,45,1,36,0,40,0,306,24
303,22855,2015-10-10T00:00:00.000,3,52,10,40,0,11,0,302,27
304,22856,2015-10-10T00:00:00.000,1,50,0,44,0,12,0,209,18
305,22857,2015-10-10T00:00:00.000,9,14,0,14,0,0,0,297,0
306,22858,2015-10-10T00:00:00.000,4,22,2,16,0,5,0,137,7
307,22859,2015-10-10T00:00:00.000,3,22,3,14,0,31,0,238,6
308,22860,2015-10-10T00:00:00.000,5,4,0,4,0,0,0,69,5
309,22861,2015-10-10T00:00:00.000,2,87,1,65,0,16,0,366,29
310,22862,2015-10-10T00:00:00.000,4,26,7,18,0,1,0,140,10
311,22863,2015-10-10T00:00:00.000,6,9,0,8,0,0,0,165,0
312,22864,2015-10-10T00:00:00.000,9,36,0,35,0,2,0,832,0
313,22864,2015-10-11T00:00:00.000,9,0,0,0,0,0,0,51,0
314,22865,2015-10-10T00:00:00.000,6,11,0,10,0,2,0,333,1
315,22865,2015-10-11T00:00:00.000,6,1,0,1,0,0,0,41,0
316,22866,2015-10-11T00:00:00.000,9,16,0,16,0,0,0,419,0
317,22867,2015-10-11T00:00:00.000,9,32,1,26,0,1,0,637,0
318,22867,2015-10-12T00:00:00.000,9,0,0,0,0,0,0,0,0
319,22868,2015-10-11T00:00:00.000,6,25,0,23,0,0,0,442,0
320,22869,2015-10-12T00:00:00.000,1,23,6,15,0,7,0,144,17
321,22870,2015-10-12T00:00:00.000,6,18,2,16,0,1,0,845,1
322,22871,2015-10-12T00:00:00.000,6,11,0,8,0,1,0,877,0
323,22872,2015-10-12T00:00:00.000,3,56,1,46,0,19,0,331,17
324,22873,2015-10-12T00:00:00.000,9,6,0,5,0,0,0,745,0
325,22874,2015-10-12T00:00:00.000,2,65,2,52,0,13,0,368,31
326,22875,2015-10-12T00:00:00.000,8,25,7,18,0,10,0,118,3
327,22876,2015-10-12T00:00:00.000,7,11,2,7,0,2,0,390,1
328,22877,2015-10-12T00:00:00.000,6,1,0,1,0,0,0,175,0
329,22877,2015-10-12T00:00:00.000,7,0,0,0,0,0,0,16,0
330,22878,2015-10-12T00:00:00.000,6,17,0,16,0,0,0,1522,0
331,22879,2015-10-12T00:00:00.000,9,19,1,18,0,2,0,1240,2
332,22880,2015-10-12T00:00:00.000,6,8,0,7,0,1,0,1331,0
333,22881,2015-10-12T00:00:00.000,6,22,0,19,0,0,0,1271,0
334,22882,2015-10-12T00:00:00.000,9,19,0,19,0,0,0,1282,0
335,22883,2015-10-12T00:00:00.000,5,7,0,6,0,3,0,396,2
336,22884,2015-10-12T00:00:00.000,3,54,11,39,0,41,0,401,15
337,22885,2015-10-12T00:00:00.000,6,3,0,3,0,0,0,83,0
338,22886,2015-10-12T00:00:00.000,4,52,5,41,0,4,0,350,16
339,22886,2015-10-13T00:00:00.000,4,0,0,0,0,0,0,0,0
340,22887,2015-10-12T00:00:00.000,1,45,5,36,0,14,0,322,30
341,22888,2015-10-12T00:00:00.000,3,67,4,48,0,14,0,506,60
342,22888,2015-10-13T00:00:00.000,3,0,0,0,0,0,0,0,0
343,22889,2015-10-12T00:00:00.000,9,0,0,0,0,0,0,24,0
344,22890,2015-10-12T00:00:00.000,3,82,7,71,0,18,0,512,46
345,22890,2015-10-13T00:00:00.000,3,0,0,0,0,0,0,0,0
346,22891,2015-10-12T00:00:00.000,4,50,2,38,0,9,0,374,15
347,22891,2015-10-13T00:00:00.000,4,0,0,0,0,0,0,0,0
348,22892,2015-10-12T00:00:00.000,1,53,10,42,0,12,0,378,37
349,22892,2015-10-13T00:00:00.000,1,0,0,0,0,0,0,0,0
350,22893,2015-10-12T00:00:00.000,6,22,2,19,0,5,0,1052,4
351,22893,2015-10-13T00:00:00.000,6,0,0,0,0,0,0,0,0
352,22894,2015-10-12T00:00:00.000,9,16,0,14,0,1,0,1194,2
353,22895,2015-10-12T00:00:00.000,9,7,0,6,0,0,0,964,0
354,22896,2015-10-12T00:00:00.000,9,9,0,9,0,0,0,732,0
355,22897,2015-10-12T00:00:00.000,7,18,2,14,0,3,0,301,0
356,22898,2015-10-12T00:00:00.000,2,99,12,71,0,22,0,430,37
357,22898,2015-10-13T00:00:00.000,2,0,0,0,0,0,0,0,0
358,22899,2015-10-13T00:00:00.000,4,26,5,16,0,2,0,165,2
359,22900,2015-10-13T00:00:00.000,2,65,12,53,0,21,0,412,31
360,22901,2015-10-13T00:00:00.000,6,13,0,13,0,2,0,907,1
361,22902,2015-10-13T00:00:00.000,8,22,8,14,0,6,0,105,3
362,22903,2015-10-13T00:00:00.000,3,57,6,48,0,10,0,323,26
363,22904,2015-10-13T00:00:00.000,6,7,0,5,0,1,0,800,1
364,22905,2015-10-13T00:00:00.000,1,26,7,22,0,4,0,122,14
365,22906,2015-10-13T00:00:00.000,7,17,4,15,0,2,0,322,0
366,22907,2015-10-13T00:00:00.000,7,23,3,17,0,1,0,411,1
367,22908,2015-10-13T00:00:00.000,9,8,0,8,0,0,0,1212,0
368,22909,2015-10-13T00:00:00.000,6,29,0,22,0,3,0,1193,1
369,22910,2015-10-13T00:00:00.000,6,1,0,1,0,0,0,260,0
370,22911,2015-10-13T00:00:00.000,3,46,8,34,0,47,0,399,26
371,22912,2015-10-13T00:00:00.000,9,11,2,10,0,0,0,1179,2
372,22913,2015-10-13T00:00:00.000,6,13,0,13,0,1,0,1466,0
373,22914,2015-10-13T00:00:00.000,5,17,2,12,0,1,0,416,7
374,22915,2015-10-13T00:00:00.000,6,0,0,0,0,0,0,46,0
375,22915,2015-10-13T00:00:00.000,9,7,0,7,0,0,0,737,4
376,22916,2015-10-13T00:00:00.000,9,9,0,7,0,0,0,773,1
377,22917,2015-10-13T00:00:00.000,6,12,0,9,0,3,0,1123,0
378,22917,2015-10-14T00:00:00.000,6,0,0,0,0,0,0,0,0
379,22918,2015-10-13T00:00:00.000,3,78,9,65,0,13,0,499,61
380,22918,2015-10-14T00:00:00.000,3,0,0,0,0,0,0,0,0
381,22919,2015-10-13T00:00:00.000,4,32,1,25,0,6,0,194,6
382,22919,2015-10-14T00:00:00.000,4,0,0,0,0,0,0,0,0
383,22920,2015-10-13T00:00:00.000,3,66,4,49,0,10,0,434,45
384,22921,2015-10-13T00:00:00.000,1,65,11,52,0,18,0,399,30
385,22922,2015-10-13T00:00:00.000,4,51,6,36,0,7,0,345,13
386,22922,2015-10-14T00:00:00.000,4,0,0,0,0,0,0,0,0
387,22923,2015-10-13T00:00:00.000,2,93,11,69,0,18,0,336,30
388,22923,2015-10-14T00:00:00.000,2,0,0,0,0,0,0,0,0
389,22924,2015-10-13T00:00:00.000,1,61,4,45,0,25,0,345,23
390,22924,2015-10-14T00:00:00.000,1,0,0,0,0,0,0,0,0
391,22925,2015-10-13T00:00:00.000,9,13,1,13,0,0,0,873,1
392,22925,2015-10-14T00:00:00.000,9,0,0,0,0,0,0,0,0
393,22927,2015-10-13T00:00:00.000,9,10,0,10,0,0,0,1020,2
394,22928,2015-10-13T00:00:00.000,9,0,0,0,0,0,0,188,0
395,22929,2015-10-07T00:00:00.000,7,1,0,1,0,0,0,32,0
396,22929,2015-10-13T00:00:00.000,6,0,0,0,0,0,0,216,0
397,22930,2015-10-03T00:00:00.000,2,14,0,14,0,2,0,37,4
398,22931,2015-10-13T00:00:00.000,6,9,0,9,0,1,0,1215,0
399,22932,2015-10-14T00:00:00.000,6,3,0,3,0,4,0,985,0
400,22933,2015-10-14T00:00:00.000,3,83,5,63,0,16,0,382,20
401,22934,2015-10-14T00:00:00.000,1,13,2,12,0,6,0,121,14
402,22935,2015-10-14T00:00:00.000,6,0,0,0,0,0,0,229,0
403,22935,2015-10-14T00:00:00.000,9,1,0,1,0,0,0,293,0
404,22936,2015-10-14T00:00:00.000,6,9,0,7,0,0,0,865,2
405,22937,2015-10-14T00:00:00.000,9,9,0,9,0,0,0,942,1
406,22938,2015-10-14T00:00:00.000,9,6,0,5,0,1,0,852,2
407,22939,2015-10-14T00:00:00.000,8,19,7,18,0,4,0,112,5
408,22940,2015-10-14T00:00:00.000,6,19,1,12,0,1,0,984,1
409,22941,2015-10-14T00:00:00.000,9,3,1,3,0,0,0,1083,0
410,22942,2015-10-14T00:00:00.000,6,9,0,7,0,4,0,1501,0
411,22943,2015-10-14T00:00:00.000,6,6,0,4,0,1,0,1542,0
412,22944,2015-10-14T00:00:00.000,9,17,0,16,0,0,0,1370,0
413,22945,2015-10-14T00:00:00.000,9,9,0,9,0,1,0,433,0
414,22946,2015-10-14T00:00:00.000,5,12,0,10,0,2,0,410,2
415,22947,2015-10-14T00:00:00.000,3,56,8,38,0,50,0,397,24
416,22948,2015-10-14T00:00:00.000,9,0,1,0,0,0,0,114,0
417,22949,2015-10-14T00:00:00.000,1,57,10,41,0,19,0,362,36
418,22950,2015-10-14T00:00:00.000,4,48,2,34,0,9,0,340,14
419,22950,2015-10-15T00:00:00.000,4,0,0,0,0,0,0,0,0
420,22951,2015-10-14T00:00:00.000,6,27,0,25,0,0,0,1077,2
421,22951,2015-10-15T00:00:00.000,6,0,0,0,0,0,0,0,0
422,22952,2015-10-14T00:00:00.000,4,56,9,42,0,6,0,418,14
423,22952,2015-10-15T00:00:00.000,4,0,0,0,0,0,0,0,0
424,22953,2015-10-14T00:00:00.000,7,18,4,18,0,2,0,372,1
425,22954,2015-10-14T00:00:00.000,3,69,8,55,0,17,0,387,28
426,22954,2015-10-15T00:00:00.000,3,0,0,0,0,0,0,0,0
427,22956,2015-10-14T00:00:00.000,3,75,9,64,0,19,0,463,28
428,22957,2015-10-14T00:00:00.000,1,43,3,31,0,24,0,357,35
429,22957,2015-10-15T00:00:00.000,1,0,0,0,0,0,0,0,0
430,22958,2015-10-14T00:00:00.000,9,13,0,12,0,0,0,1159,8
431,22959,2015-10-14T00:00:00.000,2,66,4,56,0,13,0,352,19
432,22960,2015-10-14T00:00:00.000,7,18,2,14,0,3,0,388,0
433,22961,2015-10-14T00:00:00.000,2,99,12,80,0,19,0,355,32
434,22961,2015-10-15T00:00:00.000,2,0,0,0,0,0,0,0,0
435,22962,2015-10-14T00:00:00.000,6,0,0,0,0,0,0,51,0
436,22963,2015-10-15T00:00:00.000,6,2,0,2,0,0,0,277,0
437,22964,2015-10-15T00:00:00.000,6,9,0,9,0,3,0,855,4
438,22965,2015-10-15T00:00:00.000,3,61,3,55,0,11,0,353,21
439,22966,2015-10-15T00:00:00.000,1,22,0,22,0,11,0,135,9
440,22967,2015-10-15T00:00:00.000,8,22,3,19,0,3,0,112,6
441,22968,2015-10-15T00:00:00.000,2,69,7,51,0,11,0,329,22
442,22969,2015-10-15T00:00:00.000,6,0,0,0,0,0,0,379,0
443,22970,2015-10-15T00:00:00.000,9,0,0,0,0,0,0,51,0
444,22971,2015-10-15T00:00:00.000,9,9,0,8,0,0,0,857,1
445,22972,2015-10-15T00:00:00.000,9,13,0,11,0,0,0,759,6
446,22973,2015-10-15T00:00:00.000,6,13,1,13,0,3,0,963,1
447,22974,2015-10-15T00:00:00.000,7,2,0,1,0,0,0,162,2
448,22975,2015-10-15T00:00:00.000,9,8,2,8,0,1,0,1067,0
449,22976,2015-10-15T00:00:00.000,3,62,4,48,0,50,0,441,31
450,22977,2015-10-15T00:00:00.000,6,8,1,5,0,1,0,1327,0
451,22978,2015-10-15T00:00:00.000,6,3,0,3,0,1,0,1505,1
452,22979,2015-10-15T00:00:00.000,7,22,1,17,0,1,0,362,0
453,22980,2015-10-15T00:00:00.000,9,9,1,8,0,0,0,780,1
454,22981,2015-10-15T00:00:00.000,5,20,0,20,0,7,0,389,3
455,22982,2015-10-15T00:00:00.000,7,3,0,3,0,1,0,185,1
456,22983,2015-10-15T00:00:00.000,6,11,0,10,0,1,0,850,0
457,22984,2015-10-15T00:00:00.000,9,13,0,12,0,0,0,1100,0
458,22985,2015-10-15T00:00:00.000,2,93,5,71,0,17,0,455,57
459,22985,2015-10-16T00:00:00.000,2,0,0,0,0,0,0,0,0
460,22986,2015-10-15T00:00:00.000,9,13,1,12,0,2,0,1252,0
461,22987,2015-10-15T00:00:00.000,4,52,5,41,0,5,0,344,9
462,22987,2015-10-16T00:00:00.000,4,0,0,0,0,0,0,0,0
463,22988,2015-10-15T00:00:00.000,3,89,10,71,0,15,0,492,38
464,22988,2015-10-16T00:00:00.000,3,0,0,0,0,0,0,0,0
465,22989,2015-10-15T00:00:00.000,1,54,4,43,0,11,0,373,43
466,22989,2015-10-16T00:00:00.000,1,0,0,0,0,0,0,0,0
467,22990,2015-10-15T00:00:00.000,4,50,5,33,0,2,0,371,20
468,22990,2015-10-16T00:00:00.000,4,0,0,0,0,0,0,0,0
469,22991,2015-10-15T00:00:00.000,3,88,9,67,0,18,0,491,47
470,22992,2015-10-15T00:00:00.000,1,57,3,45,0,17,0,354,37
471,22993,2015-10-15T00:00:00.000,6,15,0,14,0,1,0,1233,3
472,22993,2015-10-16T00:00:00.000,6,0,0,0,0,0,0,0,0
473,22994,2015-10-16T00:00:00.000,9,0,0,0,0,0,0,85,0
474,22995,2015-10-16T00:00:00.000,7,12,6,7,0,5,0,263,0
475,22996,2015-10-16T00:00:00.000,6,12,0,11,0,0,0,692,0
476,22997,2015-10-16T00:00:00.000,2,63,11,51,0,9,0,367,25
477,22998,2015-10-16T00:00:00.000,3,52,6,36,0,18,0,352,15
478,22999,2015-10-16T00:00:00.000,9,11,0,8,0,0,0,711,0
479,23000,2015-10-16T00:00:00.000,9,21,2,19,0,0,0,934,0
480,23001,2015-10-16T00:00:00.000,9,13,0,12,0,0,0,694,1
481,23002,2015-10-16T00:00:00.000,6,1,0,1,0,0,0,448,0
482,23003,2015-10-16T00:00:00.000,1,20,8,14,0,12,0,106,12
483,23003,2015-10-16T00:00:00.000,9,3,0,3,0,2,0,260,0
484,23004,2015-10-16T00:00:00.000,6,19,1,14,0,6,0,768,2
485,23005,2015-10-16T00:00:00.000,6,11,0,10,0,0,0,705,0
486,23006,2015-10-16T00:00:00.000,1,20,3,16,0,3,0,128,9
487,23007,2015-10-16T00:00:00.000,3,46,6,34,0,57,0,410,31
488,23008,2015-10-16T00:00:00.000,6,7,0,7,0,1,0,680,0
489,23009,2015-10-16T00:00:00.000,8,15,8,11,0,1,0,73,5
490,23010,2015-10-16T00:00:00.000,7,13,0,8,0,6,0,267,0
491,23011,2015-10-16T00:00:00.000,6,5,0,3,0,1,0,442,1
492,23012,2015-10-16T00:00:00.000,5,15,2,14,0,2,0,273,5
493,23013,2015-10-16T00:00:00.000,1,50,0,50,0,11,0,269,29
494,23013,2015-10-17T00:00:00.000,1,0,0,0,0,0,0,0,0
495,23014,2015-10-16T00:00:00.000,3,83,8,65,0,20,0,530,50
496,23014,2015-10-17T00:00:00.000,3,0,0,0,0,0,0,0,0
497,23015,2015-10-16T00:00:00.000,1,59,4,48,0,14,0,290,20
498,23015,2015-10-17T00:00:00.000,1,0,0,0,0,0,0,0,0
499,23016,2015-10-16T00:00:00.000,4,56,6,38,0,3,0,325,7
500,23017,2015-10-16T00:00:00.000,2,85,14,60,0,31,0,470,49
501,23017,2015-10-17T00:00:00.000,2,0,0,0,0,0,0,0,0
502,23018,2015-10-16T00:00:00.000,3,85,5,70,0,27,0,469,37
503,23018,2015-10-17T00:00:00.000,3,0,0,0,0,0,0,0,0
504,23019,2015-10-16T00:00:00.000,4,52,6,43,0,4,0,339,16
505,23019,2015-10-17T00:00:00.000,4,0,0,0,0,0,0,0,0
506,23020,2015-10-16T00:00:00.000,9,26,2,24,0,0,0,1606,0
507,23020,2015-10-17T00:00:00.000,9,1,0,1,0,0,0,77,0
508,23021,2015-10-16T00:00:00.000,6,1,0,1,0,0,0,163,0
509,23021,2015-10-16T00:00:00.000,9,4,0,4,0,0,0,338,0
510,23021,2015-10-17T00:00:00.000,6,1,0,1,0,0,0,68,0
511,23022,2015-10-17T00:00:00.000,2,8,3,6,0,5,0,41,2
512,23023,2015-10-17T00:00:00.000,8,12,7,7,0,3,0,106,7
513,23024,2015-10-17T00:00:00.000,9,12,2,10,0,1,0,552,0
514,23025,2015-10-17T00:00:00.000,2,51,7,39,0,7,0,271,28
515,23026,2015-10-17T00:00:00.000,4,28,4,21,0,2,0,146,11
516,23027,2015-10-17T00:00:00.000,1,28,0,28,0,9,0,246,20
517,23028,2015-10-17T00:00:00.000,1,46,1,35,0,11,0,181,9
518,23029,2015-10-17T00:00:00.000,3,76,4,59,0,32,0,414,30
519,23030,2015-10-17T00:00:00.000,3,22,5,17,0,26,0,337,9
520,23031,2015-10-17T00:00:00.000,5,3,0,3,0,0,0,67,2
521,23032,2015-10-17T00:00:00.000,2,3,0,2,0,0,0,13,0
522,23033,2015-10-17T00:00:00.000,9,52,3,49,0,3,0,1658,0
523,23033,2015-10-18T00:00:00.000,9,1,0,1,0,0,0,76,0
524,23034,2015-10-17T00:00:00.000,6,45,1,39,0,2,0,689,1
525,23034,2015-10-18T00:00:00.000,6,3,0,3,0,0,0,96,0
526,23035,2015-10-18T00:00:00.000,9,26,0,21,0,0,0,826,1
527,23036,2015-10-18T00:00:00.000,6,18,0,17,0,2,0,476,0
528,23037,2015-10-18T00:00:00.000,9,23,1,18,0,0,0,637,0
529,23038,2015-10-19T00:00:00.000,6,2,0,2,0,0,0,200,0
530,23039,2015-10-16T00:00:00.000,9,5,0,5,0,0,0,421,0
531,23039,2015-10-17T00:00:00.000,9,0,0,0,0,0,0,0,0
532,23039,2015-10-19T00:00:00.000,6,0,0,0,0,0,0,108,0
533,23040,2015-10-19T00:00:00.000,9,0,0,0,0,0,0,59,0
534,23041,2015-10-19T00:00:00.000,6,13,0,13,0,3,0,874,0
535,23042,2015-10-19T00:00:00.000,9,4,1,3,0,0,0,816,0
536,23043,2015-10-19T00:00:00.000,1,14,0,14,0,11,0,148,32
537,23044,2015-10-19T00:00:00.000,7,20,2,19,0,4,0,347,0
538,23045,2015-10-19T00:00:00.000,3,60,2,43,0,18,0,351,21
539,23046,2015-10-19T00:00:00.000,1,50,5,39,0,10,0,270,20
540,23047,2015-10-19T00:00:00.000,2,70,2,54,0,15,0,419,30
541,23048,2015-10-19T00:00:00.000,9,5,0,5,0,0,0,876,1
542,23049,2015-10-19T00:00:00.000,9,9,1,6,0,0,0,913,0
543,23050,2015-10-19T00:00:00.000,9,15,0,15,0,0,0,1256,0
544,23051,2015-10-19T00:00:00.000,9,14,0,14,0,0,0,1301,0
545,23052,2015-10-19T00:00:00.000,6,6,0,6,0,0,0,1225,0
546,23053,2015-10-19T00:00:00.000,7,16,0,10,0,4,0,468,0
547,23054,2015-10-19T00:00:00.000,6,7,0,6,0,0,0,1405,0
548,23055,2015-10-19T00:00:00.000,6,12,1,9,0,1,0,1308,1
549,23056,2015-10-19T00:00:00.000,3,50,6,34,0,67,0,432,23
550,23057,2015-10-19T00:00:00.000,6,10,0,9,0,1,0,915,1
551,23057,2015-10-19T00:00:00.000,9,3,0,2,0,0,0,80,0
552,23058,2015-10-19T00:00:00.000,5,11,1,9,0,2,0,357,3
553,23059,2015-10-19T00:00:00.000,1,69,5,56,0,21,0,386,31
554,23060,2015-10-19T00:00:00.000,2,105,17,73,0,22,0,393,32
555,23061,2015-10-17T00:00:00.000,4,28,3,25,0,4,0,172,12
556,23061,2015-10-19T00:00:00.000,4,41,4,34,0,13,0,381,16
557,23061,2015-10-20T00:00:00.000,4,0,0,0,0,0,0,0,0
558,23062,2015-10-17T00:00:00.000,3,79,16,64,0,9,0,364,20
559,23062,2015-10-19T00:00:00.000,3,67,5,56,0,11,0,512,51
560,23062,2015-10-20T00:00:00.000,3,0,0,0,0,0,0,0,0
561,23063,2015-10-19T00:00:00.000,8,13,7,9,0,3,0,95,3
562,23063,2015-10-20T00:00:00.000,8,0,0,0,0,0,0,0,0
563,23064,2015-10-19T00:00:00.000,3,51,1,47,0,11,0,306,23
564,23064,2015-10-20T00:00:00.000,3,0,0,0,0,0,0,0,0
565,23065,2015-10-19T00:00:00.000,6,20,0,17,0,2,0,1140,2
566,23065,2015-10-20T00:00:00.000,6,0,0,0,0,0,0,0,0
567,23066,2015-10-19T00:00:00.000,1,7,0,5,0,7,0,61,4
568,23066,2015-10-19T00:00:00.000,3,22,2,20,0,5,0,184,25
569,23067,2015-10-19T00:00:00.000,4,44,3,33,0,4,0,397,14
570,23067,2015-10-20T00:00:00.000,4,0,0,0,0,0,0,0,0
571,23068,2015-10-19T00:00:00.000,9,6,0,4,0,2,0,890,0
572,23069,2015-10-20T00:00:00.000,9,1,0,1,0,0,0,262,0
573,23070,2015-10-20T00:00:00.000,1,20,0,20,0,8,0,135,22
574,23071,2015-10-20T00:00:00.000,6,3,0,2,0,0,0,113,0
575,23072,2015-10-20T00:00:00.000,9,6,0,5,0,0,0,795,0
576,23073,2015-10-20T00:00:00.000,6,13,0,13,0,0,0,833,1
577,23074,2015-10-20T00:00:00.000,8,24,8,21,0,11,0,86,2
578,23075,2015-10-20T00:00:00.000,9,2,0,2,0,0,0,491,0
579,23076,2015-10-20T00:00:00.000,3,79,7,58,0,11,0,371,33
580,23077,2015-10-20T00:00:00.000,7,23,0,18,0,3,0,353,0
581,23078,2015-10-20T00:00:00.000,4,41,8,32,0,2,0,230,5
582,23079,2015-10-20T00:00:00.000,6,10,0,5,0,0,0,941,2
583,23080,2015-10-20T00:00:00.000,7,11,0,10,0,4,0,415,0
584,23081,2015-10-20T00:00:00.000,6,12,1,11,0,1,0,1072,0
585,23082,2015-10-20T00:00:00.000,6,11,0,10,0,0,0,1349,0
586,23083,2015-10-20T00:00:00.000,3,35,12,27,0,51,0,358,21
587,23084,2015-10-20T00:00:00.000,6,9,1,8,0,0,0,1639,0
588,23085,2015-10-20T00:00:00.000,9,13,0,12,0,0,0,995,6
589,23086,2015-10-20T00:00:00.000,9,5,0,5,0,0,0,1324,0
590,23087,2015-10-20T00:00:00.000,2,78,5,59,0,18,0,393,24
591,23088,2015-10-20T00:00:00.000,9,3,0,3,0,2,0,856,1
592,23089,2015-10-20T00:00:00.000,6,1,0,0,0,0,0,258,0
593,23089,2015-10-20T00:00:00.000,9,7,2,6,0,0,0,569,0
594,23090,2015-10-20T00:00:00.000,5,19,1,14,0,1,0,386,1
595,23091,2015-10-20T00:00:00.000,1,63,4,55,0,11,0,354,40
596,23092,2015-10-20T00:00:00.000,6,15,0,14,0,1,0,1110,1
597,23092,2015-10-21T00:00:00.000,6,0,0,0,0,0,0,0,0
598,23093,2015-10-20T00:00:00.000,4,11,4,9,0,5,0,123,6
599,23093,2015-10-20T00:00:00.000,9,3,1,2,0,0,0,119,0
600,23093,2015-10-21T00:00:00.000,4,0,0,0,0,0,0,0,0
601,23094,2015-10-20T00:00:00.000,3,67,5,54,0,18,0,490,47
602,23094,2015-10-21T00:00:00.000,3,0,0,0,0,0,0,0,0
603,23095,2015-10-20T00:00:00.000,1,50,7,41,0,21,0,351,42
604,23095,2015-10-21T00:00:00.000,1,0,0,0,0,0,0,0,0
605,23096,2015-10-20T00:00:00.000,2,86,12,59,0,31,0,348,15
606,23097,2015-10-20T00:00:00.000,3,71,7,56,0,15,0,468,44
607,23097,2015-10-21T00:00:00.000,3,0,0,0,0,0,0,0,0
608,23098,2015-10-20T00:00:00.000,4,54,2,43,0,6,0,385,15
609,23098,2015-10-21T00:00:00.000,4,0,0,0,0,0,0,0,0
610,23099,2015-10-20T00:00:00.000,9,10,0,10,0,0,0,1002,0
611,23100,2015-10-21T00:00:00.000,9,9,0,7,0,1,0,705,2
612,23101,2015-10-21T00:00:00.000,9,10,1,7,0,0,0,946,0
613,23102,2015-10-21T00:00:00.000,7,16,1,16,0,3,0,333,0
614,23103,2015-10-21T00:00:00.000,3,76,2,63,0,14,0,390,17
615,23104,2015-10-21T00:00:00.000,1,16,0,16,0,9,0,107,7
616,23105,2015-10-21T00:00:00.000,8,13,6,12,0,10,0,101,6
617,23106,2015-10-21T00:00:00.000,6,11,1,9,0,2,0,791,1
618,23107,2015-10-21T00:00:00.000,6,14,0,14,0,1,0,1113,3
619,23108,2015-10-21T00:00:00.000,2,62,2,46,0,14,0,401,21
620,23109,2015-10-21T00:00:00.000,9,14,0,12,0,2,0,1038,26
621,23110,2015-10-21T00:00:00.000,3,41,8,34,0,56,0,335,36
622,23111,2015-10-21T00:00:00.000,6,1,0,1,0,0,0,171,0
623,23112,2015-10-21T00:00:00.000,6,6,0,6,0,0,0,1444,0
624,23113,2015-10-21T00:00:00.000,9,9,0,8,0,0,0,1065,0
625,23114,2015-10-21T00:00:00.000,6,3,0,3,0,0,0,1427,0
626,23115,2015-10-21T00:00:00.000,7,25,0,19,0,9,0,439,2
627,23116,2015-10-21T00:00:00.000,6,15,0,12,0,1,0,1199,2
628,23117,2015-10-21T00:00:00.000,9,0,0,0,0,0,0,41,0
629,23118,2015-10-21T00:00:00.000,5,13,1,11,0,2,0,421,7
630,23119,2015-10-21T00:00:00.000,1,60,11,44,0,34,0,382,33
631,23120,2015-10-21T00:00:00.000,3,73,7,62,0,16,0,492,63
632,23120,2015-10-22T00:00:00.000,3,0,0,0,0,0,0,0,0
633,23121,2015-10-21T00:00:00.000,4,46,4,40,0,5,0,323,6
634,23121,2015-10-22T00:00:00.000,4,0,0,0,0,0,0,0,0
635,23122,2015-10-21T00:00:00.000,6,26,1,22,0,2,0,1142,1
636,23122,2015-10-22T00:00:00.000,6,0,0,0,0,0,0,0,0
637,23123,2015-10-21T00:00:00.000,4,40,4,29,0,8,0,344,14
638,23123,2015-10-22T00:00:00.000,4,0,0,0,0,0,0,0,0
639,23124,2015-10-21T00:00:00.000,1,62,4,45,0,17,0,366,40
640,23124,2015-10-22T00:00:00.000,1,0,0,0,0,0,0,0,0
641,23125,2015-10-21T00:00:00.000,3,67,12,50,0,23,0,524,56
642,23125,2015-10-22T00:00:00.000,3,0,0,0,0,0,0,0,0
643,23126,2015-10-21T00:00:00.000,2,83,17,59,0,30,0,365,34
644,23126,2015-10-22T00:00:00.000,2,0,0,0,0,0,0,0,0
645,23127,2015-10-21T00:00:00.000,9,14,0,14,0,0,0,1429,2
646,23128,2015-10-21T00:00:00.000,9,11,0,10,0,1,0,1047,0
647,23129,2015-10-21T00:00:00.000,6,0,0,0,0,0,0,106,0
648,23130,2015-10-22T00:00:00.000,9,3,0,2,0,0,0,812,0
649,23131,2015-10-22T00:00:00.000,6,0,0,0,0,0,0,0,0
650,23131,2015-10-22T00:00:00.000,9,5,0,2,0,0,0,793,0
651,23132,2015-10-22T00:00:00.000,8,20,3,13,0,0,0,102,4
652,23133,2015-10-22T00:00:00.000,3,76,3,62,0,18,0,406,16
653,23134,2015-10-22T00:00:00.000,1,28,3,23,0,8,0,215,19
654,23135,2015-10-22T00:00:00.000,1,15,0,15,0,7,0,108,17
655,23136,2015-10-22T00:00:00.000,2,48,0,34,0,14,0,219,8
656,23137,2015-10-22T00:00:00.000,6,10,0,10,0,2,0,846,1
657,23138,2015-10-22T00:00:00.000,7,19,1,14,0,4,0,341,0
658,23139,2015-10-22T00:00:00.000,6,4,1,3,0,3,0,867,0
659,23139,2015-10-22T00:00:00.000,9,0,0,0,0,0,0,0,0
660,23140,2015-10-22T00:00:00.000,3,55,5,44,0,73,0,424,18
661,23141,2015-10-22T00:00:00.000,9,9,0,9,0,3,0,1037,1
662,23142,2015-10-22T00:00:00.000,9,12,0,10,0,3,0,955,1
663,23143,2015-10-22T00:00:00.000,6,31,0,28,0,2,0,1074,0
664,23144,2015-10-22T00:00:00.000,6,7,0,7,0,2,0,1272,0
665,23145,2015-10-22T00:00:00.000,7,17,1,13,0,8,0,413,1
666,23147,2015-10-22T00:00:00.000,9,12,2,12,0,2,0,1301,0
667,23148,2015-10-22T00:00:00.000,6,1,0,1,0,0,0,211,0
668,23149,2015-10-22T00:00:00.000,5,11,2,9,0,1,0,409,6
669,23150,2015-10-22T00:00:00.000,6,6,0,5,0,1,0,1368,0
670,23151,2015-10-22T00:00:00.000,2,98,8,69,0,26,0,488,32
671,23151,2015-10-23T00:00:00.000,2,0,0,0,0,0,0,0,0
672,23152,2015-10-22T00:00:00.000,3,67,6,55,0,14,0,380,30
673,23152,2015-10-23T00:00:00.000,3,0,0,0,0,0,0,0,0
674,23153,2015-10-22T00:00:00.000,1,18,3,12,0,15,0,132,13
675,23154,2015-10-22T00:00:00.000,3,90,8,71,0,12,0,415,33
676,23154,2015-10-23T00:00:00.000,3,0,0,0,0,0,0,0,0
677,23155,2015-10-22T00:00:00.000,6,16,1,13,0,1,0,1006,0
678,23155,2015-10-23T00:00:00.000,6,0,0,0,0,0,0,0,0
679,23156,2015-10-22T00:00:00.000,1,49,6,40,0,15,0,362,37
680,23156,2015-10-23T00:00:00.000,1,0,0,0,0,0,0,0,0
681,23157,2015-10-22T00:00:00.000,4,52,2,38,0,5,0,367,28
682,23157,2015-10-23T00:00:00.000,4,0,0,0,0,0,0,0,0
683,23158,2015-10-22T00:00:00.000,4,43,4,34,0,63,0,385,11
684,23158,2015-10-23T00:00:00.000,4,0,0,0,0,0,0,0,0
685,23159,2015-10-22T00:00:00.000,9,11,0,10,0,3,0,941,1
686,23159,2015-10-23T00:00:00.000,9,0,0,0,0,0,0,0,0
687,23160,2015-10-22T00:00:00.000,6,0,0,0,0,0,0,139,0
688,23161,2015-10-22T00:00:00.000,9,0,0,0,0,0,0,0,0
689,23162,2015-10-23T00:00:00.000,9,13,1,12,0,0,0,457,0
690,23163,2015-10-23T00:00:00.000,7,12,2,11,0,9,0,289,1
691,23164,2015-10-23T00:00:00.000,6,0,0,0,0,0,0,511,0
692,23165,2015-10-23T00:00:00.000,9,3,0,2,0,0,0,618,1
693,23166,2015-10-23T00:00:00.000,2,61,8,49,0,25,0,395,34
694,23167,2015-10-23T00:00:00.000,6,8,0,6,0,2,0,734,1
695,23168,2015-10-23T00:00:00.000,9,8,0,8,0,0,0,647,0
696,23169,2015-10-23T00:00:00.000,1,58,4,45,0,12,0,301,35
697,23170,2015-10-23T00:00:00.000,8,18,6,16,0,2,0,122,5
698,23171,2015-10-23T00:00:00.000,7,16,3,13,0,55,0,312,1
699,23172,2015-10-23T00:00:00.000,3,77,5,53,0,10,0,363,19
700,23173,2015-10-23T00:00:00.000,9,10,0,10,0,0,0,793,1
701,23174,2015-10-23T00:00:00.000,9,17,0,16,0,0,0,855,0
702,23175,2015-10-23T00:00:00.000,6,10,0,10,0,0,0,681,0
703,23176,2015-10-23T00:00:00.000,6,5,0,5,0,0,0,455,0
704,23177,2015-10-23T00:00:00.000,3,54,9,35,0,54,0,413,30
705,23178,2015-10-23T00:00:00.000,6,27,1,20,0,3,0,889,0
706,23179,2015-10-23T00:00:00.000,3,79,8,67,0,5,0,408,27
707,23179,2015-10-24T00:00:00.000,3,0,0,0,0,0,0,0,0
708,23180,2015-10-23T00:00:00.000,4,42,3,30,0,5,0,260,15
709,23181,2015-10-23T00:00:00.000,1,34,0,34,0,17,0,189,17
710,23181,2015-10-24T00:00:00.000,1,0,0,0,0,0,0,0,0
711,23182,2015-10-23T00:00:00.000,3,76,5,56,0,16,0,501,37
712,23182,2015-10-24T00:00:00.000,3,0,0,0,0,0,0,0,0
713,23183,2015-10-23T00:00:00.000,1,73,7,57,0,14,0,372,32
714,23183,2015-10-24T00:00:00.000,1,0,0,0,0,0,0,0,0
715,23184,2015-10-23T00:00:00.000,4,45,0,30,0,3,0,290,9
716,23184,2015-10-24T00:00:00.000,4,0,0,0,0,0,0,0,0
717,23185,2015-10-23T00:00:00.000,2,65,8,53,0,22,0,363,24
718,23186,2015-10-23T00:00:00.000,5,15,0,13,0,0,0,332,3
719,23187,2015-10-23T00:00:00.000,9,29,1,26,0,1,0,1798,2
720,23187,2015-10-24T00:00:00.000,9,1,0,1,0,0,0,69,0
721,23188,2015-10-23T00:00:00.000,6,20,0,19,0,4,0,911,2
722,23188,2015-10-24T00:00:00.000,6,4,0,4,0,1,0,83,0
723,23189,2015-10-24T00:00:00.000,3,8,1,7,0,1,0,26,0
724,23190,2015-10-24T00:00:00.000,2,3,0,2,0,0,0,8,0
725,23191,2015-10-24T00:00:00.000,1,22,2,15,0,24,0,324,16
726,23192,2015-10-24T00:00:00.000,2,66,6,58,0,17,0,349,28
727,23193,2015-10-24T00:00:00.000,8,16,1,14,0,1,0,89,3
728,23194,2015-10-24T00:00:00.000,3,77,8,59,0,10,0,410,41
729,23195,2015-10-24T00:00:00.000,1,42,0,42,0,7,0,201,25
730,23196,2015-10-24T00:00:00.000,9,18,0,15,0,0,0,591,0
731,23197,2015-10-24T00:00:00.000,1,49,3,37,0,6,0,214,21
732,23198,2015-10-24T00:00:00.000,3,54,4,43,0,13,0,371,38
733,23199,2015-10-24T00:00:00.000,4,29,4,22,0,5,0,149,7
734,23200,2015-10-24T00:00:00.000,5,7,0,5,0,0,0,79,2
735,23201,2015-10-24T00:00:00.000,4,29,10,26,0,5,0,153,11
736,23202,2015-10-24T00:00:00.000,9,34,0,28,0,0,0,1338,3
737,23202,2015-10-25T00:00:00.000,9,5,0,5,0,0,0,86,0
738,23203,2015-10-24T00:00:00.000,6,36,1,34,0,0,0,661,3
739,23203,2015-10-25T00:00:00.000,6,6,0,6,0,0,0,9,0
740,23204,2015-10-25T00:00:00.000,9,9,0,9,0,0,0,575,0
741,23205,2015-10-25T00:00:00.000,9,24,0,19,0,4,0,923,0
742,23205,2015-10-26T00:00:00.000,9,0,0,0,0,0,0,0,0
743,23206,2015-10-25T00:00:00.000,6,21,1,17,0,0,0,521,0
744,23207,2015-10-26T00:00:00.000,9,7,0,7,0,0,0,861,0
745,23208,2015-10-26T00:00:00.000,6,24,0,23,0,1,0,1009,2
746,23210,2015-10-26T00:00:00.000,1,38,5,32,0,12,0,139,13
747,23211,2015-10-26T00:00:00.000,3,62,4,51,0,16,0,383,28
748,23212,2015-10-26T00:00:00.000,8,15,7,10,0,2,0,107,7
749,23213,2015-10-26T00:00:00.000,4,44,3,37,0,2,0,258,7
750,23214,2015-10-26T00:00:00.000,9,6,0,5,0,0,0,805,0
751,23215,2015-10-26T00:00:00.000,7,10,1,7,0,5,0,372,0
752,23216,2015-10-26T00:00:00.000,6,17,0,12,0,0,0,1258,0
753,23218,2015-10-26T00:00:00.000,9,9,1,7,0,0,0,1554,0
754,23219,2015-10-26T00:00:00.000,6,0,0,0,0,0,0,67,0
755,23220,2015-10-26T00:00:00.000,9,14,0,13,0,1,0,1241,1
756,23221,2015-10-26T00:00:00.000,6,10,0,8,0,0,0,1325,1
757,23222,2015-10-26T00:00:00.000,5,9,2,8,0,1,0,330,8
758,23223,2015-10-26T00:00:00.000,9,20,0,20,0,3,0,1269,0
759,23224,2015-10-26T00:00:00.000,7,11,0,7,0,8,0,458,3
760,23225,2015-10-26T00:00:00.000,6,16,2,12,0,0,0,1368,0
761,23226,2015-10-26T00:00:00.000,3,73,8,58,0,27,0,451,33
762,23226,2015-10-27T00:00:00.000,3,0,0,0,0,0,0,0,0
763,23227,2015-10-26T00:00:00.000,1,54,5,44,0,25,0,383,34
764,23228,2015-10-26T00:00:00.000,6,19,3,15,0,2,0,1075,1
765,23228,2015-10-27T00:00:00.000,6,0,0,0,0,0,0,0,0
766,23229,2015-10-26T00:00:00.000,4,41,2,33,0,6,0,375,21
767,23229,2015-10-27T00:00:00.000,4,0,0,0,0,0,0,5,1
768,23230,2015-10-26T00:00:00.000,1,55,6,48,0,15,0,320,24
769,23230,2015-10-27T00:00:00.000,1,0,0,0,0,0,0,0,0
770,23231,2015-10-26T00:00:00.000,9,0,0,0,0,0,0,30,0
771,23232,2015-10-26T00:00:00.000,3,85,4,76,0,13,0,508,60
772,23232,2015-10-27T00:00:00.000,3,0,0,0,0,0,0,0,0
773,23233,2015-10-26T00:00:00.000,2,56,6,40,0,19,0,382,25
774,23233,2015-10-26T00:00:00.000,4,7,5,5,0,0,0,105,8
775,23233,2015-10-27T00:00:00.000,4,0,0,0,0,0,0,0,0
776,23234,2015-10-26T00:00:00.000,3,70,8,55,0,19,0,355,24
777,23235,2015-10-26T00:00:00.000,6,9,0,9,0,1,0,1047,0
778,23236,2015-10-26T00:00:00.000,9,10,0,9,0,0,0,929,5
779,23237,2015-10-26T00:00:00.000,2,101,17,71,0,24,0,402,38
780,23238,2015-10-26T00:00:00.000,6,3,0,3,0,0,0,227,0
781,23239,2015-10-27T00:00:00.000,1,15,4,14,0,10,0,87,9
782,23240,2015-10-27T00:00:00.000,9,8,0,8,0,0,0,797,1
783,23241,2015-10-27T00:00:00.000,8,22,6,15,0,4,0,90,4
784,23242,2015-10-27T00:00:00.000,3,64,2,53,0,13,0,326,15
785,23243,2015-10-27T00:00:00.000,7,18,0,15,0,7,0,421,0
786,23244,2015-10-27T00:00:00.000,6,6,0,4,0,0,0,874,0
787,23245,2015-10-27T00:00:00.000,9,5,0,4,0,1,0,849,0
788,23246,2015-10-27T00:00:00.000,6,13,0,13,0,1,0,1095,0
789,23247,2015-10-27T00:00:00.000,9,2,0,2,0,0,0,699,1
790,23248,2015-10-27T00:00:00.000,2,62,9,47,0,24,0,390,38
791,23249,2015-10-27T00:00:00.000,3,49,6,40,0,66,0,422,23
792,23250,2015-10-27T00:00:00.000,9,10,0,10,0,2,0,1299,0
793,23252,2015-10-27T00:00:00.000,6,20,1,15,0,1,0,1066,0
794,23253,2015-10-27T00:00:00.000,6,12,0,10,0,0,0,1773,1
795,23254,2015-10-27T00:00:00.000,6,5,0,5,0,0,0,1320,0
796,23255,2015-10-27T00:00:00.000,6,4,0,4,0,0,0,282,0
797,23256,2015-10-27T00:00:00.000,7,10,1,7,0,7,0,412,1
798,23257,2015-10-27T00:00:00.000,9,13,0,10,0,0,0,1033,0
799,23258,2015-10-27T00:00:00.000,5,9,1,8,0,2,0,415,1
800,23259,2015-10-27T00:00:00.000,9,9,0,7,0,0,0,1531,2
801,23260,2015-10-27T00:00:00.000,1,2,0,2,0,0,0,7,0
802,23261,2015-10-27T00:00:00.000,4,62,2,47,0,7,0,354,15
803,23261,2015-10-28T00:00:00.000,4,0,0,0,0,0,0,0,0
804,23262,2015-10-27T00:00:00.000,3,64,10,53,0,15,0,449,50
805,23263,2015-10-27T00:00:00.000,4,41,1,31,0,5,0,376,9
806,23263,2015-10-28T00:00:00.000,4,0,0,0,0,0,0,0,0
807,23264,2015-10-27T00:00:00.000,1,52,9,43,0,26,0,413,35
808,23265,2015-10-27T00:00:00.000,3,75,7,61,0,21,0,468,40
809,23266,2015-10-27T00:00:00.000,1,55,10,42,0,23,0,337,29
810,23266,2015-10-28T00:00:00.000,1,0,0,0,0,0,0,0,0
811,23267,2015-10-27T00:00:00.000,6,1,0,1,0,0,0,241,0
812,23268,2015-10-27T00:00:00.000,6,8,0,6,0,0,0,1067,1
813,23268,2015-10-28T00:00:00.000,6,0,0,0,0,0,0,0,0
814,23269,2015-10-27T00:00:00.000,2,90,18,69,0,43,0,381,34
815,23269,2015-10-28T00:00:00.000,2,0,0,0,0,0,0,0,0
816,23270,2015-10-28T00:00:00.000,9,1,0,1,0,0,0,393,0
817,23271,2015-10-28T00:00:00.000,6,12,1,10,0,0,0,904,0
818,23272,2015-10-28T00:00:00.000,6,1,0,1,0,0,0,126,0
819,23272,2015-10-28T00:00:00.000,9,4,0,3,0,0,0,556,0
820,23273,2015-10-28T00:00:00.000,7,21,1,14,0,7,0,367,1
821,23274,2015-10-28T00:00:00.000,8,19,2,16,0,1,0,99,7
822,23275,2015-10-28T00:00:00.000,9,10,0,9,0,0,0,838,1
823,23276,2015-10-28T00:00:00.000,9,17,3,14,0,0,0,1372,16
824,23277,2015-10-28T00:00:00.000,6,12,0,9,0,0,0,1477,0
825,23278,2015-10-28T00:00:00.000,9,6,0,6,0,0,0,1152,5
826,23279,2015-10-28T00:00:00.000,6,10,0,9,0,0,0,1551,0
827,23280,2015-10-28T00:00:00.000,1,20,1,16,0,12,0,115,8
828,23280,2015-10-28T00:00:00.000,3,8,1,6,0,4,0,100,11
829,23281,2015-10-28T00:00:00.000,6,8,0,7,0,3,0,1116,0
830,23282,2015-10-28T00:00:00.000,9,14,0,13,0,0,0,1324,0
831,23283,2015-10-28T00:00:00.000,5,9,0,8,0,5,0,399,9
832,23284,2015-10-27T00:00:00.000,9,0,0,0,0,0,0,114,0
833,23284,2015-10-28T00:00:00.000,9,0,0,0,0,0,0,63,0
834,23285,2015-10-28T00:00:00.000,6,13,0,13,0,3,0,1021,1
835,23286,2015-10-28T00:00:00.000,3,80,2,60,0,16,0,380,26
836,23287,2015-10-28T00:00:00.000,3,91,5,79,0,15,0,411,22
837,23288,2015-10-28T00:00:00.000,2,94,8,74,0,35,0,370,22
838,23288,2015-10-29T00:00:00.000,2,0,0,0,0,0,0,0,0
839,23289,2015-10-28T00:00:00.000,3,78,4,67,0,23,0,501,34
840,23289,2015-10-29T00:00:00.000,3,0,0,0,0,0,0,0,0
841,23290,2015-10-28T00:00:00.000,4,46,4,35,0,6,0,376,19
842,23290,2015-10-29T00:00:00.000,4,0,0,0,0,0,0,0,0
843,23291,2015-10-28T00:00:00.000,6,9,1,7,0,1,0,1122,2
844,23291,2015-10-29T00:00:00.000,6,0,0,0,0,0,0,0,0
845,23292,2015-10-28T00:00:00.000,4,53,3,31,0,9,0,391,18
846,23292,2015-10-29T00:00:00.000,4,0,0,0,0,0,0,0,0
847,23293,2015-10-28T00:00:00.000,1,63,9,41,0,26,0,364,30
848,23293,2015-10-29T00:00:00.000,1,0,0,0,0,0,0,0,0
849,23294,2015-10-28T00:00:00.000,1,2,2,1,0,1,0,15,0
850,23294,2015-10-28T00:00:00.000,3,6,0,3,0,2,0,16,1
851,23294,2015-10-28T00:00:00.000,7,10,0,8,0,7,0,299,0
852,23295,2015-10-28T00:00:00.000,6,0,0,0,0,0,0,175,0
853,23296,2015-10-28T00:00:00.000,2,88,3,75,0,26,0,427,40
854,23298,2015-10-28T00:00:00.000,9,8,0,3,0,0,0,661,0
855,23299,2015-10-28T00:00:00.000,1,43,5,30,0,19,0,328,34
856,23300,2015-10-28T00:00:00.000,3,33,3,25,0,38,0,242,11
857,23301,2015-10-29T00:00:00.000,9,5,0,4,0,0,0,776,0
858,23302,2015-10-29T00:00:00.000,6,9,0,9,0,2,0,836,3
859,23303,2015-10-29T00:00:00.000,6,0,0,0,0,0,0,280,0
860,23303,2015-10-29T00:00:00.000,9,2,1,1,0,0,0,150,0
861,23304,2015-10-29T00:00:00.000,2,3,0,2,0,2,0,12,0
862,23304,2015-10-29T00:00:00.000,3,51,3,38,0,13,0,348,32
863,23305,2015-10-29T00:00:00.000,9,8,0,8,0,0,0,761,2
864,23306,2015-10-29T00:00:00.000,3,87,5,74,0,11,0,405,27
865,23307,2015-10-29T00:00:00.000,8,17,6,14,0,3,0,101,5
866,23308,2015-10-29T00:00:00.000,9,8,0,7,0,0,0,660,1
867,23309,2015-10-29T00:00:00.000,7,23,0,14,0,3,0,436,3
868,23310,2015-10-29T00:00:00.000,1,1,0,1,0,0,0,11,4
869,23310,2015-10-29T00:00:00.000,2,43,0,30,0,17,0,264,16
870,23310,2015-10-29T00:00:00.000,9,21,2,17,0,6,0,116,14
871,23311,2015-10-29T00:00:00.000,3,49,7,32,0,61,0,462,31
872,23312,2015-10-29T00:00:00.000,6,7,0,5,0,0,0,1590,1
873,23313,2015-10-29T00:00:00.000,6,6,0,4,0,0,0,1379,0
874,23314,2015-10-29T00:00:00.000,6,25,2,18,0,0,0,1053,2
875,23315,2015-10-29T00:00:00.000,9,10,0,8,0,0,0,1048,3
876,23316,2015-10-29T00:00:00.000,5,17,0,16,0,0,0,380,7
877,23317,2015-10-28T00:00:00.000,7,3,0,3,0,3,0,146,0
878,23317,2015-10-29T00:00:00.000,1,57,8,42,0,18,0,349,41
879,23318,2015-10-29T00:00:00.000,9,9,0,8,0,0,0,1072,0
880,23319,2015-10-29T00:00:00.000,9,0,0,0,0,0,0,120,36
881,23320,2015-10-29T00:00:00.000,1,53,11,42,0,22,0,370,34
882,23321,2015-10-29T00:00:00.000,4,50,2,34,0,5,0,321,10
883,23321,2015-10-30T00:00:00.000,4,0,0,0,0,0,0,0,0
884,23322,2015-10-29T00:00:00.000,2,74,3,53,0,26,0,445,33
885,23322,2015-10-29T00:00:00.000,3,27,4,23,0,5,0,114,3
886,23323,2015-10-29T00:00:00.000,6,12,0,9,0,0,0,1007,2
887,23323,2015-10-30T00:00:00.000,6,0,0,0,0,0,0,0,0
888,23324,2015-10-29T00:00:00.000,3,83,8,70,0,23,0,457,40
889,23325,2015-10-29T00:00:00.000,1,27,7,22,0,13,0,119,7
890,23325,2015-10-29T00:00:00.000,2,19,0,19,0,5,0,162,19
891,23325,2015-10-30T00:00:00.000,2,0,0,0,0,0,0,0,0
892,23326,2015-10-29T00:00:00.000,4,52,3,35,0,7,0,354,16
893,23326,2015-10-30T00:00:00.000,4,0,0,0,0,0,0,0,0
894,23327,2015-10-29T00:00:00.000,7,20,3,14,0,4,0,340,0
895,23328,2015-10-29T00:00:00.000,6,11,0,9,0,4,0,887,0
896,23329,2015-10-29T00:00:00.000,6,0,0,0,0,0,0,195,0
897,23331,2015-10-29T00:00:00.000,9,9,1,7,0,2,0,1397,2
898,23332,2015-10-30T00:00:00.000,1,23,4,17,0,10,0,114,17
899,23333,2015-10-30T00:00:00.000,6,6,0,6,0,2,0,635,0
900,23334,2015-10-30T00:00:00.000,6,0,0,0,0,0,0,0,0
901,23334,2015-10-30T00:00:00.000,9,7,0,6,0,1,0,690,0
902,23335,2015-10-30T00:00:00.000,9,9,0,8,0,0,0,773,0
903,23336,2015-10-30T00:00:00.000,2,76,13,65,0,19,0,406,27
904,23337,2015-10-30T00:00:00.000,3,71,2,57,0,16,0,372,10
905,23338,2015-10-30T00:00:00.000,8,24,11,16,0,0,0,83,3
906,23339,2015-10-30T00:00:00.000,6,5,0,5,0,0,0,544,0
907,23340,2015-10-30T00:00:00.000,7,18,3,15,0,4,0,273,0
908,23341,2015-10-30T00:00:00.000,9,10,0,10,0,0,0,849,0
909,23342,2015-10-30T00:00:00.000,9,4,0,4,0,0,0,482,0
910,23343,2015-10-30T00:00:00.000,7,22,4,16,0,9,0,284,1
911,23344,2015-10-30T00:00:00.000,6,13,0,10,0,1,0,761,0
912,23345,2015-10-30T00:00:00.000,6,15,2,15,0,5,0,893,1
913,23346,2015-10-30T00:00:00.000,9,9,2,8,0,0,0,988,0
914,23347,2015-10-30T00:00:00.000,2,100,4,83,0,28,0,451,34
915,23348,2015-10-30T00:00:00.000,6,2,0,2,0,0,0,402,0
916,23349,2015-10-30T00:00:00.000,5,13,3,12,0,1,0,258,2
917,23350,2015-10-30T00:00:00.000,2,2,0,2,0,9,0,24,6
918,23350,2015-10-30T00:00:00.000,3,53,5,37,0,58,0,379,12
919,23351,2015-10-30T00:00:00.000,3,86,7,65,0,12,0,518,52
920,23351,2015-10-31T00:00:00.000,3,0,0,0,0,0,0,0,0
921,23352,2015-10-30T00:00:00.000,1,66,12,55,0,18,0,359,34
922,23352,2015-10-31T00:00:00.000,1,0,0,0,0,0,0,0,0
923,23353,2015-10-30T00:00:00.000,1,81,9,68,0,14,0,329,30
924,23353,2015-10-31T00:00:00.000,1,0,0,0,0,0,0,0,0
925,23354,2015-10-30T00:00:00.000,3,109,11,96,0,21,0,541,36
926,23354,2015-10-31T00:00:00.000,3,0,0,0,0,0,0,0,0
927,23355,2015-10-30T00:00:00.000,4,32,4,27,0,5,0,329,7
928,23355,2015-10-31T00:00:00.000,4,0,0,0,0,0,0,0,0
929,23356,2015-10-30T00:00:00.000,4,46,3,33,0,8,0,306,14
930,23357,2015-10-30T00:00:00.000,6,15,0,14,0,3,0,768,0
931,23357,2015-10-31T00:00:00.000,6,3,0,3,0,0,0,175,0
932,23358,2015-10-31T00:00:00.000,1,42,2,35,0,8,0,200,20
933,23359,2015-10-31T00:00:00.000,8,9,3,6,0,2,0,87,2
934,23360,2015-10-31T00:00:00.000,3,58,4,46,0,13,0,399,39
935,23361,2015-10-31T00:00:00.000,3,18,1,11,0,33,0,318,8
936,23362,2015-10-31T00:00:00.000,5,3,0,2,0,0,0,64,1
937,23363,2015-10-31T00:00:00.000,4,35,6,24,0,3,0,135,10
938,23364,2015-10-31T00:00:00.000,2,87,1,66,0,19,0,351,32
939,23365,2015-10-31T00:00:00.000,3,79,10,68,0,13,0,390,27
940,23366,2015-10-31T00:00:00.000,1,53,0,48,0,11,0,302,25
941,23367,2015-10-31T00:00:00.000,4,17,0,10,0,5,0,145,8
942,23368,2015-10-31T00:00:00.000,9,20,0,16,0,3,0,574,0
943,23369,2015-10-31T00:00:00.000,9,58,5,52,0,1,0,1548,4
944,23369,2015-11-01T00:00:00.000,9,1,0,1,0,0,0,56,0
945,23370,2015-10-31T00:00:00.000,6,45,4,40,0,2,0,742,1
946,23370,2015-11-01T00:00:00.000,6,7,2,6,0,0,0,125,2
947,23371,2015-11-01T00:00:00.000,9,40,1,29,0,0,0,950,1
948,23371,2015-11-02T00:00:00.000,9,0,0,0,0,0,0,0,0
949,23372,2015-11-01T00:00:00.000,9,12,1,9,0,0,0,287,0
950,23373,2015-11-01T00:00:00.000,6,16,2,13,0,6,0,524,0
951,23374,2015-10-30T00:00:00.000,9,23,0,20,0,0,0,1708,0
952,23374,2015-10-31T00:00:00.000,9,3,0,3,0,0,0,172,1
953,23374,2015-11-02T00:00:00.000,9,0,0,0,0,0,0,0,0
954,23375,2015-11-02T00:00:00.000,6,7,0,7,0,2,0,922,2
955,23376,2015-11-02T00:00:00.000,3,90,4,74,0,20,0,375,20
956,23377,2015-11-02T00:00:00.000,8,20,7,14,0,2,0,116,6
957,23378,2015-11-02T00:00:00.000,7,12,1,12,0,3,0,303,2
958,23379,2015-11-02T00:00:00.000,6,14,0,8,0,1,0,952,1
959,23380,2015-11-02T00:00:00.000,6,0,0,0,0,0,0,0,0
960,23380,2015-11-02T00:00:00.000,9,5,0,4,0,0,0,826,1
961,23381,2015-11-02T00:00:00.000,2,92,7,68,0,32,0,479,43
962,23382,2015-11-02T00:00:00.000,1,37,5,30,0,8,0,131,15
963,23383,2015-11-02T00:00:00.000,7,25,4,20,0,4,0,485,1
964,23384,2015-11-02T00:00:00.000,9,8,1,8,0,1,0,1563,0
965,23385,2015-11-02T00:00:00.000,6,17,0,10,0,4,0,1212,4
966,23386,2015-11-02T00:00:00.000,6,11,0,10,0,2,0,1326,0
967,23387,2015-11-02T00:00:00.000,3,56,8,41,0,64,0,447,45
968,23388,2015-11-02T00:00:00.000,6,2,0,2,0,0,0,196,0
969,23389,2015-11-02T00:00:00.000,6,0,0,0,0,0,0,173,0
970,23390,2015-11-02T00:00:00.000,5,11,0,10,0,4,0,429,2
971,23391,2015-11-02T00:00:00.000,9,12,1,12,0,0,0,1071,0
972,23392,2015-11-02T00:00:00.000,9,4,1,4,0,0,0,878,0
973,23393,2015-11-02T00:00:00.000,9,0,0,0,0,0,0,65,0
974,23394,2015-11-02T00:00:00.000,1,63,11,48,0,27,0,378,34
975,23395,2015-11-02T00:00:00.000,6,13,1,12,0,1,0,1031,1
976,23395,2015-11-03T00:00:00.000,6,0,0,0,0,0,0,0,0
977,23396,2015-11-02T00:00:00.000,3,104,7,84,0,21,0,479,43
978,23396,2015-11-03T00:00:00.000,3,0,0,0,0,0,0,0,0
979,23397,2015-11-02T00:00:00.000,3,93,9,74,0,18,0,508,54
980,23397,2015-11-03T00:00:00.000,3,0,0,0,0,0,0,0,0
981,23398,2015-11-02T00:00:00.000,4,48,2,37,0,15,0,372,21
982,23398,2015-11-03T00:00:00.000,4,0,0,0,0,0,0,0,0
983,23399,2015-11-02T00:00:00.000,4,59,4,42,0,8,0,370,18
984,23399,2015-11-03T00:00:00.000,4,0,0,0,0,0,0,0,0
985,23400,2015-11-02T00:00:00.000,1,64,13,48,0,24,0,331,35
986,23400,2015-11-03T00:00:00.000,1,0,0,0,0,0,0,0,0
987,23401,2015-11-02T00:00:00.000,9,13,0,13,0,0,0,1046,1
988,23402,2015-11-02T00:00:00.000,6,9,0,6,0,0,0,1367,0
989,23403,2015-11-02T00:00:00.000,9,10,0,8,0,0,0,849,0
990,23404,2015-11-02T00:00:00.000,2,97,10,76,0,44,0,344,23
991,23405,2015-11-03T00:00:00.000,6,2,1,2,0,0,0,413,0
992,23406,2015-10-28T00:00:00.000,1,0,0,0,0,0,0,0,0
993,23407,2015-11-03T00:00:00.000,6,2,0,1,0,0,0,113,0
994,23408,2015-11-03T00:00:00.000,9,2,1,2,0,0,0,714,0
995,23409,2015-11-03T00:00:00.000,9,1,0,1,0,0,0,636,1
996,23410,2015-11-03T00:00:00.000,9,20,0,17,0,0,0,774,0
997,23411,2015-11-03T00:00:00.000,6,18,1,15,0,0,0,1028,0
998,23412,2015-11-03T00:00:00.000,8,26,11,18,0,3,0,99,6
999,23413,2015-11-03T00:00:00.000,7,20,2,13,0,2,0,369,1
